{"cameraMode":{"drawMode":0,"name":"Shaded","section":"Shading Mode"},"sceneLighting":true,"audioPlay":false,"sceneViewState":{"showFog":true,"showMaterialUpdate":false,"showSkybox":true,"showFlares":true,"showImageEffects":true,"showParticleSystems":true},"in2DMode":false,"pivot":{"x":4.1434326171875,"y":-1.5038204193115235,"z":6.973935127258301},"rotation":{"x":0.2957254946231842,"y":0.36310145258903506,"z":-0.11987973004579544,"w":0.8754069209098816},"size":23.180879592895509,"orthographic":false}